"CycID","PhaseShift","PhaseShiftHeight","PeakIndex","PeakSPD","Period","p","N","Nindependent","Nyquist","BH.Q"
"1","0.35894634325098","0.695765694049968","3","3.23457938687124","0.710526315789474","0.382499876180375","16","12","8.53333333333333","0.397083959568195"
"2","0.329828508930303","1.17998110944228","38","3.18717837798604","0.0695876288659794","0.397083959568195","16","12","8.53333333333333","0.397083959568195"
"3","0.433272374938571","0.80932797621178","47","3.25826138977576","0.0564853556485356","0.375353529060005","16","12","8.53333333333333","0.397083959568195"
